ID,title,stock
1, Quin Flannigan, Minimize Road 208, Katwijk, El Salvador, 855737,
2, Sheresa Hereford, Relief Road 2809, Aquilla, Aruba, 374255,
3, Gable Wagner, Folding Road 1772, North Java, Dominican Republic, 873604,
4, Trenton Valenti, Silk Road 1078, Truckee, Greece, 926991,
5, Radames Baize, Measured Road 3868, King Williams Town, Cambodia, 718796,
6, Zayra Hackbarth, Kills Road 5185, Domville, Lebanon, 264587,
7, Mellanie Geier, Reported St 8575, Trogir, Swaziland, 714424,
8, Alonzo Mund, Transfer Road 7664, Amberley, Hong Kong (sar), 662300,
9, Yanique Galvez, Placing Street 7371, Secretary, Libya, 482322,
10, Athan Mendonca, Magnetic Road 5180, Hinesburg, The Gambia, 056042